component,radius1,texture1,perimeter1,area1,smoothness1,compactness1,concavity1,concave_points1,symmetry1,fractal_dimension1,radius2,texture2,perimeter2,area2,smoothness2,compactness2,concavity2,concave_points2,symmetry2,fractal_dimension2,radius3,texture3,perimeter3,area3,smoothness3,compactness3,concavity3,concave_points3,symmetry3,fractal_dimension3,Diagnosis__B,Diagnosis__M
0,-0.41637259269744864,0.17162593898517653,-0.32311776964571254,-0.40767201477457815,0.6124585120707499,1.2322797295830519,0.9241467155440659,0.36367496219705836,0.8465361088055869,1.5415045880296319,-0.10826925311716681,0.2942725759480091,0.03177240858151211,-0.22190986028538187,0.7767607117398598,1.7150788460507986,1.4255725834882276,1.0943798076670586,0.6228279778338791,1.720328042866797,-0.37616864380435006,0.19906103531001448,-0.24035838638360152,-0.38216746030253645,0.6913290805168827,1.3161427583772622,1.1653245661432712,0.5323682565628945,0.6010527323331151,1.613704056268211,-0.1972885446576645,0.1972885446576645
1,1.0841063617942241,0.511156202155451,1.0871092378717304,1.0607671686627993,0.37318696492388626,0.6318800605089062,0.8433396482679216,1.042527621482601,0.3761435578995943,-0.2403072079657875,0.816336657457303,-0.003931489231138926,0.7740304409729236,0.7897397209285875,-0.16168022512817942,0.18741035842370635,0.23326837673406087,0.4667264216516213,-0.0749639053238294,-0.05640810484328933,1.1479723830223407,0.5687506471667757,1.1344924849702753,1.0981343239527757,0.40550507274361763,0.5624393776193424,0.7489790786506226,1.0175943568815937,0.4534368584002021,0.1516142301124809,-1.3023834042422255,1.3023834042422255
2,-0.5255612967578421,-0.31532213297110195,-0.5443414426184515,-0.5141984283752505,-0.3196075407337839,-0.5769915761493496,-0.6378639576638271,-0.6456168402975087,-0.3642037054435362,-0.14943966294066238,-0.4334163532372761,-0.05181753870712339,-0.4356235122088718,-0.3977943195911542,-0.052764069597450114,-0.4187886504899086,-0.3911261488275943,-0.45998194744190807,-0.07266726482792163,-0.28436770153974905,-0.5684015891314348,-0.35233687821569887,-0.585838549710051,-0.5396273743960467,-0.35202586400411656,-0.5538228031442602,-0.6297261041974707,-0.6627283410052678,-0.362074590963457,-0.38030945648419784,0.7593732481706832,-0.7593732481706832
