component,weight
0,0.10553729032521215
1,0.3193440671222625
2,0.5751186425525253
