component,weight
0,0.08078513889946926
1,0.3410045091311694
2,0.5782103519693613
