component,radius1,texture1,perimeter1,area1,smoothness1,compactness1,concavity1,concave_points1,symmetry1,fractal_dimension1,radius2,texture2,perimeter2,area2,smoothness2,compactness2,concavity2,concave_points2,symmetry2,fractal_dimension2,radius3,texture3,perimeter3,area3,smoothness3,compactness3,concavity3,concave_points3,symmetry3,fractal_dimension3,Diagnosis__B,Diagnosis__M,Diagnosis__nan
0,-0.41962291286030756,0.11327988600596842,-0.3210429842668558,-0.40136259243939176,0.5881202883708413,1.2686086333515645,1.0181647533797735,0.38166406181054496,0.8442487169390459,1.7678039143771571,0.06534798163866842,0.3525476995564636,0.16618787655670775,-0.1216213671104457,0.8537796033597627,1.9747972807012923,1.757593330068894,1.259298834339306,0.932067914605172,1.97668096056312,-0.36580232487522857,0.11041070961895767,-0.24891815187064986,-0.3670879909547482,0.5129969827420581,1.2698919808842057,1.2255250435940215,0.47599899308156496,0.7183205587311318,1.612693925273854,-0.03788530314174516,0.03788530314174516,0.0
1,1.0278936470101308,0.5220188623544075,1.0331617225758467,1.0047089322292284,0.3763898990797638,0.6630856687769868,0.839234814713203,1.0001772737103836,0.33601892819857376,-0.1783046883110863,0.7737971449888182,-0.044393384769415026,0.7468549398357807,0.7625287132745876,-0.15937751951607593,0.25133125450524,0.24123268068391043,0.4825551262922053,-0.13419413336215627,0.006138965051951497,1.0818512414655037,0.5570308053025349,1.0757170607124762,1.0328417868568218,0.4596434484257364,0.6233771718161663,0.7473476411040545,1.0041177112114061,0.4104089872559164,0.2585860468474413,-1.297675716098186,1.297675716098186,0.0
2,-0.5475811219196136,-0.323692089915751,-0.5644611911076378,-0.5364589935458274,-0.30414888174222654,-0.5683051618297444,-0.6371996554653789,-0.6431876275569823,-0.3161249516031516,-0.14183347250244507,-0.4654836435404287,-0.02307511522398142,-0.46368317676909665,-0.43271541175506356,-0.02529226774999775,-0.42413520072124766,-0.3878326501724271,-0.46053500133832564,-0.051082501842232085,-0.27979412712367796,-0.5869226636434893,-0.34393981389012773,-0.599635547163613,-0.5578392899765233,-0.34275246082433297,-0.5450660394930138,-0.6119799224820809,-0.6586916174995114,-0.34240296922970587,-0.37782220602742916,0.7706085484952802,-0.7706085484952802,0.0
