component,radius1,texture1,perimeter1,area1,smoothness1,compactness1,concavity1,concave_points1,symmetry1,fractal_dimension1,radius2,texture2,perimeter2,area2,smoothness2,compactness2,concavity2,concave_points2,symmetry2,fractal_dimension2,radius3,texture3,perimeter3,area3,smoothness3,compactness3,concavity3,concave_points3,symmetry3,fractal_dimension3,Diagnosis__B,Diagnosis__M
0,-0.41962291286027487,0.11327988600600117,-0.3210429842668181,-0.4013625924393669,0.5881202883708251,1.2686086333516133,1.0181647533798384,0.3816640618105895,0.8442487169390448,1.7678039143771118,0.06534798163863874,0.35254769955641413,0.16618787655671477,-0.12162136711045667,0.8537796033597167,1.9747972807012932,1.7575933300688815,1.259298834339326,0.9320679146050901,1.9766809605630553,-0.3658023248752076,0.11041070961896972,-0.24891815187060828,-0.3670879909547323,0.5129969827420561,1.2698919808842886,1.2255250435941116,0.47599899308164384,0.7183205587310951,1.61269392527386,-0.03788530314181136,0.03788530314181136
1,1.0278936470101407,0.5220188623544046,1.0331617225758545,1.0047089322292395,0.3763898990797651,0.663085668776968,0.8392348147131855,1.0001772737103807,0.3360189281985676,-0.17830468831109933,0.773797144988834,-0.04439338476940812,0.7468549398357861,0.7625287132746011,-0.15937751951607745,0.25133125450521865,0.24123268068389478,0.48255512629219116,-0.13419413336214986,0.006138965051942696,1.0818512414655166,0.5570308053025373,1.0757170607124826,1.0328417868568351,0.4596434484257361,0.6233771718161385,0.7473476411040273,1.004117711211394,0.41040898725592106,0.2585860468474231,-1.297675716098186,1.297675716098186
2,-0.5475811219196136,-0.32369208991575077,-0.5644611911076376,-0.5364589935458273,-0.3041488817422265,-0.5683051618297444,-0.6371996554653789,-0.6431876275569823,-0.3161249516031515,-0.14183347250244507,-0.4654836435404286,-0.02307511522398146,-0.46368317676909654,-0.43271541175506356,-0.02529226774999775,-0.42413520072124755,-0.38783265017242696,-0.4605350013383255,-0.05108250184223211,-0.27979412712367796,-0.5869226636434893,-0.3439398138901276,-0.5996355471636129,-0.5578392899765233,-0.3427524608243329,-0.5450660394930138,-0.6119799224820809,-0.6586916174995112,-0.3424029692297058,-0.37782220602742916,0.77060854849528,-0.77060854849528
