component,col_1,col_2,col_3,col_4,col_5,col_6,col_7,col_8
0,0.11228222661111639,-0.6614320417165115,0.2853238831062875,0.16673410010104742,-0.7071067811865468,1.414213562373094,-0.707106781186547,0.0
1,0.9022967419037229,-0.19183063854887275,1.0196634388300396,1.0881593901331528,-0.7071067811865468,-0.7071067811865468,1.414213562373094,0.0
2,-1.0145789685148403,0.8532626802653814,-1.3049873219363295,-1.2548934902342013,1.414213562373094,-0.7071067811865468,-0.707106781186547,0.0
