component,weight
0,0.08078513889947343
1,0.3410045091311652
2,0.5782103519693613
