component,radius1,texture1,perimeter1,area1,smoothness1,compactness1,concavity1,concave_points1,symmetry1,fractal_dimension1,radius2,texture2,perimeter2,area2,smoothness2,compactness2,concavity2,concave_points2,symmetry2,fractal_dimension2,radius3,texture3,perimeter3,area3,smoothness3,compactness3,concavity3,concave_points3,symmetry3,fractal_dimension3,Diagnosis__B,Diagnosis__M
0,-0.596911007201222,-0.6424033893661429,-0.5704888977685373,-0.5800654417433111,0.8259590101449948,0.04071790748010354,-0.04194671279944623,-0.1587044563368884,0.6124291801339165,0.7893015356117146,0.13767951743969783,0.5437789587541485,0.03366188966284212,-0.21487161493659937,1.2782025725273733,0.6154420845655959,0.579654291044876,0.7099862211273043,0.9944614409160866,0.882800933461396,-0.622166986840755,-0.7287705224931615,-0.6116711168030371,-0.5992114057375802,0.2806415302554237,-0.2687398830854074,-0.17822836041359666,-0.3395154390271193,-0.03235756080106246,-0.008882205297354836,0.4038928342473877,-0.4038928342473877
1,-0.5199732334328506,-0.15857403318499877,-0.5385052816185908,-0.525841026469512,-0.523566828397526,-0.602099969738038,-0.6532147372023397,-0.676609655192252,-0.435362758057404,-0.29120599361453087,-0.6395120008598385,-0.07216279137275085,-0.6238644514943689,-0.5847529158642523,-0.23652571285963445,-0.5541981935997962,-0.41990646242739366,-0.6045464643189892,-0.20553493211465235,-0.41775114743775443,-0.5535658180080689,-0.14356622855129555,-0.5602190678531156,-0.5420304973801874,-0.44712089548397643,-0.5138623042443159,-0.5423239947088635,-0.6267152181526967,-0.3267991927044448,-0.3763665256466746,0.6689235009703398,-0.6689235009703398
2,1.1332615741845018,0.5657810014698836,1.1508402080364935,1.1347720530457819,0.45861766451914127,0.9622109050781028,1.0850854478785497,1.179069992380198,0.4169296462969907,0.0973003306105957,0.9768358364714972,-0.14241147051921785,1.0010710885796563,1.056166130039288,-0.22567452491130574,0.6092421102987212,0.4074041119874053,0.6461149185747481,-0.14050069304779086,0.2589068391169088,1.200111036321587,0.5826177749214864,1.2059389619854257,1.1703246933859681,0.5947815668595147,0.9663467006225626,0.969463510253409,1.184195185907157,0.5483000999494082,0.6178890561922874,-1.2838022231434822,1.2838022231434822
