component,weight
0,0.15384615384615388
1,0.5244755149438676
2,0.3216783312099786
